<?xml version="1.0" encoding="UTF-8"?>
<metadata xml:lang="en"><Esri><CreaDate>20200108</CreaDate><CreaTime>12012900</CreaTime><ArcGISFormat>1.0</ArcGISFormat><SyncOnce>FALSE</SyncOnce><DataProperties><itemProps><itemLocation><linkage Sync="TRUE">file://\\usda.net\fs\FS\NFS\WOForestMgmt\Project\FMSC\FVS_Restricted\fvsdata\FVSRegionalTrainingData\FVSTrainingMapData.shp</linkage><protocol Sync="TRUE">Local Area Network</protocol></itemLocation><itemName Sync="TRUE">FVSTrainingMapData</itemName><imsContentType Sync="TRUE">002</imsContentType><itemSize Sync="TRUE">0.000</itemSize><nativeExtBox><westBL Sync="TRUE">-936641.176073</westBL><eastBL Sync="TRUE">2505451.836304</eastBL><southBL Sync="TRUE">3516967.010531</southBL><northBL Sync="TRUE">5215058.094153</northBL><exTypeCode Sync="TRUE">1</exTypeCode></nativeExtBox></itemProps><lineage><Process ToolSource="e:\arcgis\desktop10.5\ArcToolbox\Toolboxes\Data Management Tools.tbx\AlterField" Date="20190813" Time="145549">AlterField T:\FS\NFS\WOForestMgmt\Project\FMSC\FVS_Restricted\fvsdata\McGaffey_Take2_DaProject\BaseData\SpatialAnalyzer.gdb\NRIS_VegPoly SETTING_ID ORIGINAL_SETTING_ID "Original Setting ID" TEXT 30 NON_NULLABLE false</Process><Process ToolSource="e:\arcgis\desktop10.5\ArcToolbox\Toolboxes\Data Management Tools.tbx\AlterField" Date="20190813" Time="145550">AlterField T:\FS\NFS\WOForestMgmt\Project\FMSC\FVS_Restricted\fvsdata\McGaffey_Take2_DaProject\BaseData\SpatialAnalyzer.gdb\NRIS_VegPoly POLY_ID ORIGINAL_POLY_ID "Original Polygon ID" SHORT 2 NON_NULLABLE false</Process><Process ToolSource="e:\arcgis\desktop10.5\ArcToolbox\Toolboxes\Data Management Tools.tbx\AlterField" Date="20190813" Time="145552">AlterField T:\FS\NFS\WOForestMgmt\Project\FMSC\FVS_Restricted\fvsdata\McGaffey_Take2_DaProject\BaseData\SpatialAnalyzer.gdb\NRIS_VegPoly ACRES ORIGINAL_ACRES "Original Calculated Acres" DOUBLE 8 NULLABLE false</Process><Process ToolSource="e:\arcgis\desktop10.5\ArcToolbox\Toolboxes\Analysis Tools.tbx\Union" Date="20190813" Time="145619">Union "T:\FS\NFS\WOForestMgmt\Project\FMSC\FVS_Restricted\fvsdata\McGaffey_Take2_DaProject\BaseData\SpatialAnalyzer.gdb\NRIS_VegPoly 1;'\\USDA.NET\fs\DataCenter\Citrix\Home10\agagnon\My Documents\FSVegSpatialDataAnalyzer\Temp\01fb79ab-b891-4300-956a-005928bc778b\ClipTemp.gdb\OverlayDissolve' 2" T:\FS\NFS\WOForestMgmt\Project\FMSC\FVS_Restricted\fvsdata\McGaffey_Take2_DaProject\Tmp\TempSplitPolys.gdb\UnionPolys ALL # GAPS</Process><Process ToolSource="e:\arcgis\desktop10.5\ArcToolbox\Toolboxes\Data Management Tools.tbx\MultipartToSinglepart" Date="20190813" Time="145625">MultipartToSinglepart T:\FS\NFS\WOForestMgmt\Project\FMSC\FVS_Restricted\fvsdata\McGaffey_Take2_DaProject\Tmp\TempSplitPolys.gdb\UnionPolys T:\FS\NFS\WOForestMgmt\Project\FMSC\FVS_Restricted\fvsdata\McGaffey_Take2_DaProject\Tmp\TempSplitPolys.gdb\SinglePartPolys</Process><Process ToolSource="e:\arcgis\desktop10.5\ArcToolbox\Toolboxes\Analysis Tools.tbx\Select" Date="20190813" Time="145641">Select T:\FS\NFS\WOForestMgmt\Project\FMSC\FVS_Restricted\fvsdata\McGaffey_Take2_DaProject\Tmp\TempSplitPolys.gdb\SinglePartPolys T:\FS\NFS\WOForestMgmt\Project\FMSC\FVS_Restricted\fvsdata\McGaffey_Take2_DaProject\Tmp\TempSplitPolys.gdb\SelectPolys "FID_OverlayDissolve &gt;= 0 and FID_NRIS_VegPoly &gt;= 0"</Process><Process ToolSource="e:\arcgis\desktop10.5\ArcToolbox\Toolboxes\Data Management Tools.tbx\Eliminate" Date="20190813" Time="145657">Eliminate be8a7d07-f1c3-41e2-99c5-fc37f359fcd6 T:\FS\NFS\WOForestMgmt\Project\FMSC\FVS_Restricted\fvsdata\McGaffey_Take2_DaProject\Tmp\TempSplitPolys.gdb\ElimPolys LENGTH # #</Process><Process ToolSource="e:\arcgis\desktop10.5\ArcToolbox\Toolboxes\Data Management Tools.tbx\Copy" Date="20190813" Time="145717">Copy T:\FS\NFS\WOForestMgmt\Project\FMSC\FVS_Restricted\fvsdata\McGaffey_Take2_DaProject\Tmp\TempSplitPolys.gdb\ElimPolys T:\FS\NFS\WOForestMgmt\Project\FMSC\FVS_Restricted\fvsdata\McGaffey_Take2_DaProject\BaseData\SpatialAnalyzer.gdb\NRIS_Veg\NRIS_VegPoly FeatureClass</Process><Process ToolSource="e:\arcgis\desktop10.5\ArcToolbox\Toolboxes\Data Management Tools.tbx\DeleteField" Date="20190813" Time="145724">DeleteField GPL0 FID_NRIS_VegPoly;FID_OverlayDissolve;ORIG_FID</Process><Process ToolSource="e:\arcgis\desktop10.5\ArcToolbox\Toolboxes\Data Management Tools.tbx\AddIndex" Date="20190813" Time="145926">AddIndex GPL0 DA_USE_EXAM_ID DA_USE_EXAM_ID NON_UNIQUE NON_ASCENDING</Process><Process ToolSource="e:\arcgis\desktop10.5\ArcToolbox\Toolboxes\Data Management Tools.tbx\Merge" Date="20200108" Time="093655">Merge ExamsOnly;ExamsOnlyR9 T:\FS\NFS\WOForestMgmt\Project\FMSC\FVS_Restricted\fvsdata\FVSRegionalTrainingData\ExamsOnlyR9R3.shp "SPATIAL_ID "SPATIAL_ID" true true false 40 Text 0 0 ,First,#,ExamsOnly,SPATIAL_ID,-1,-1,ExamsOnlyR9,SPATIAL_ID,-1,-1;REGION_PRO "REGION_PRO" true true false 2 Text 0 0 ,First,#,ExamsOnly,REGION_PRO,-1,-1,ExamsOnlyR9,REGION_PRO,-1,-1;FOREST_PRO "FOREST_PRO" true true false 2 Text 0 0 ,First,#,ExamsOnly,FOREST_PRO,-1,-1,ExamsOnlyR9,FOREST_PRO,-1,-1;DISTRICT_N "DISTRICT_N" true true false 2 Text 0 0 ,First,#,ExamsOnly,DISTRICT_N,-1,-1,ExamsOnlyR9,DISTRICT_N,-1,-1;LOCATION "LOCATION" true true false 16 Text 0 0 ,First,#,ExamsOnly,LOCATION,-1,-1,ExamsOnlyR9,LOCATION,-1,-1;ORIGINAL_P "ORIGINAL_P" true true false 10 Long 0 10 ,First,#,ExamsOnly,ORIGINAL_P,-1,-1,ExamsOnlyR9,ORIGINAL_P,-1,-1;ORIGINAL_S "ORIGINAL_S" true true false 30 Text 0 0 ,First,#,ExamsOnly,ORIGINAL_S,-1,-1,ExamsOnlyR9,ORIGINAL_S,-1,-1;NUM_EXAMS "NUM_EXAMS" true true false 10 Long 0 10 ,First,#,ExamsOnly,NUM_EXAMS,-1,-1,ExamsOnlyR9,NUM_EXAMS,-1,-1;USGS_ANDER "USGS_ANDER" true true false 1 Text 0 0 ,First,#,ExamsOnly,USGS_ANDER,-1,-1,ExamsOnlyR9,USGS_ANDER,-1,-1;ORIGINAL_A "ORIGINAL_A" true true false 19 Double 0 0 ,First,#,ExamsOnly,ORIGINAL_A,-1,-1,ExamsOnlyR9,ORIGINAL_A,-1,-1;ACRES_MANU "ACRES_MANU" true true false 19 Double 0 0 ,First,#,ExamsOnly,ACRES_MANU,-1,-1,ExamsOnlyR9,ACRES_MANU,-1,-1;SAMPLE_DAT "SAMPLE_DAT" true true false 5 Text 0 0 ,First,#,ExamsOnly,SAMPLE_DAT,-1,-1,ExamsOnlyR9,SAMPLE_DAT,-1,-1;PURPOSE_CO "PURPOSE_CO" true true false 4 Text 0 0 ,First,#,ExamsOnly,PURPOSE_CO,-1,-1,ExamsOnlyR9,PURPOSE_CO,-1,-1;LOADER_VER "LOADER_VER" true true false 15 Text 0 0 ,First,#,ExamsOnly,LOADER_VER,-1,-1,ExamsOnlyR9,LOADER_VER,-1,-1;AGENCY "AGENCY" true true false 4 Text 0 0 ,First,#,ExamsOnly,AGENCY,-1,-1,ExamsOnlyR9,AGENCY,-1,-1;SAMPLE_D_1 "SAMPLE_D_1" true true false 8 Date 0 0 ,First,#,ExamsOnly,SAMPLE_D_1,-1,-1,ExamsOnlyR9,SAMPLE_D_1,-1,-1;USGS_AND_1 "USGS_AND_1" true true false 2 Text 0 0 ,First,#,ExamsOnly,USGS_AND_1,-1,-1,ExamsOnlyR9,USGS_AND_1,-1,-1;FLM_DATA_S "FLM_DATA_S" true true false 2 Text 0 0 ,First,#,ExamsOnly,FLM_DATA_S,-1,-1,ExamsOnlyR9,FLM_DATA_S,-1,-1;FLM_ACCURA "FLM_ACCURA" true true false 19 Double 0 0 ,First,#,ExamsOnly,FLM_ACCURA,-1,-1,ExamsOnlyR9,FLM_ACCURA,-1,-1;FLM_ACCU_1 "FLM_ACCU_1" true true false 10 Text 0 0 ,First,#,ExamsOnly,FLM_ACCU_1,-1,-1,ExamsOnlyR9,FLM_ACCU_1,-1,-1;FLM_DESCRI "FLM_DESCRI" true true false 254 Text 0 0 ,First,#,ExamsOnly,FLM_DESCRI,-1,-1,ExamsOnlyR9,FLM_DESCRI,-1,-1;SAMPLE_REC "SAMPLE_REC" true true false 60 Text 0 0 ,First,#,ExamsOnly,SAMPLE_REC,-1,-1,ExamsOnlyR9,SAMPLE_REC,-1,-1;SPECIES_SU "SPECIES_SU" true true false 6 Text 0 0 ,First,#,ExamsOnly,SPECIES_SU,-1,-1,ExamsOnlyR9,SPECIES_SU,-1,-1;DA_ADMIN_R "DA_ADMIN_R" true true false 2 Text 0 0 ,First,#,ExamsOnly,DA_ADMIN_R,-1,-1,ExamsOnlyR9,DA_ADMIN_R,-1,-1;DA_ADMIN_F "DA_ADMIN_F" true true false 2 Text 0 0 ,First,#,ExamsOnly,DA_ADMIN_F,-1,-1,ExamsOnlyR9,DA_ADMIN_F,-1,-1;DA_SETTING "DA_SETTING" true true false 30 Text 0 0 ,First,#,ExamsOnly,DA_SETTING,-1,-1,ExamsOnlyR9,DA_SETTING,-1,-1;DA_POLY_ID "DA_POLY_ID" true true false 10 Long 0 10 ,First,#,ExamsOnly,DA_POLY_ID,-1,-1,ExamsOnlyR9,DA_POLY_ID,-1,-1;DA_DATA_SO "DA_DATA_SO" true true false 20 Text 0 0 ,First,#,ExamsOnly,DA_DATA_SO,-1,-1,ExamsOnlyR9,DA_DATA_SO,-1,-1;DA_ACRES "DA_ACRES" true true false 19 Double 0 0 ,First,#,ExamsOnly,DA_ACRES,-1,-1,ExamsOnlyR9,DA_ACRES,-1,-1;DA_NO_ACTI "DA_NO_ACTI" true true false 30 Text 0 0 ,First,#,ExamsOnly,DA_NO_ACTI,-1,-1,ExamsOnlyR9,DA_NO_ACTI,-1,-1;DA_USE_EXA "DA_USE_EXA" true true false 30 Text 0 0 ,First,#,ExamsOnly,DA_USE_EXA,-1,-1,ExamsOnlyR9,DA_USE_EXA,-1,-1;DA_EXAM_EX "DA_EXAM_EX" true true false 25 Text 0 0 ,First,#,ExamsOnly,DA_EXAM_EX,-1,-1,ExamsOnlyR9,DA_EXAM_EX,-1,-1;DA_VEG_GRO "DA_VEG_GRO" true true false 15 Text 0 0 ,First,#,ExamsOnly,DA_VEG_GRO,-1,-1,ExamsOnlyR9,DA_VEG_GRO,-1,-1;DA_TREES_I "DA_TREES_I" true true false 5 Text 0 0 ,First,#,ExamsOnly,DA_TREES_I,-1,-1,ExamsOnlyR9,DA_TREES_I,-1,-1;FSVEG_PROJ "FSVEG_PROJ" true true false 25 Text 0 0 ,First,#,ExamsOnly,FSVEG_PROJ,-1,-1,ExamsOnlyR9,FSVEG_PROJ,-1,-1;FSVEG_INV_ "FSVEG_INV_" true true false 10 Long 0 10 ,First,#,ExamsOnly,FSVEG_INV_,-1,-1,ExamsOnlyR9,FSVEG_INV_,-1,-1;FSVEG_SAMP "FSVEG_SAMP" true true false 10 Text 0 0 ,First,#,ExamsOnly,FSVEG_SAMP,-1,-1,ExamsOnlyR9,FSVEG_SAMP,-1,-1;SHAPE_Leng "SHAPE_Leng" true true false 19 Double 0 0 ,First,#,ExamsOnly,SHAPE_Leng,-1,-1;SHAPE_Area "SHAPE_Area" true true false 19 Double 0 0 ,First,#,ExamsOnly,SHAPE_Area,-1,-1"</Process><Process ToolSource="e:\arcgis\desktop10.5\ArcToolbox\Toolboxes\Data Management Tools.tbx\Merge" Date="20200108" Time="105024">Merge ExamsOnlyR9R3;subsetR4 T:\FS\NFS\WOForestMgmt\Project\FMSC\FVS_Restricted\fvsdata\FVSRegionalTrainingData\ExamsOnlyR9R3R4.shp "SPATIAL_ID "SPATIAL_ID" true true false 40 Text 0 0 ,First,#,ExamsOnlyR9R3,SPATIAL_ID,-1,-1,subsetR4,SPATIAL_ID,-1,-1;REGION_PRO "REGION_PRO" true true false 2 Text 0 0 ,First,#,ExamsOnlyR9R3,REGION_PRO,-1,-1,subsetR4,REGION_PRO,-1,-1;FOREST_PRO "FOREST_PRO" true true false 2 Text 0 0 ,First,#,ExamsOnlyR9R3,FOREST_PRO,-1,-1,subsetR4,FOREST_PRO,-1,-1;DISTRICT_N "DISTRICT_N" true true false 2 Text 0 0 ,First,#,ExamsOnlyR9R3,DISTRICT_N,-1,-1,subsetR4,DISTRICT_N,-1,-1;LOCATION "LOCATION" true true false 16 Text 0 0 ,First,#,ExamsOnlyR9R3,LOCATION,-1,-1,subsetR4,LOCATION,-1,-1;ORIGINAL_P "ORIGINAL_P" true true false 10 Long 0 10 ,First,#,ExamsOnlyR9R3,ORIGINAL_P,-1,-1,subsetR4,ORIGINAL_P,-1,-1;ORIGINAL_S "ORIGINAL_S" true true false 30 Text 0 0 ,First,#,ExamsOnlyR9R3,ORIGINAL_S,-1,-1,subsetR4,ORIGINAL_S,-1,-1;NUM_EXAMS "NUM_EXAMS" true true false 10 Long 0 10 ,First,#,ExamsOnlyR9R3,NUM_EXAMS,-1,-1,subsetR4,NUM_EXAMS,-1,-1;USGS_ANDER "USGS_ANDER" true true false 1 Text 0 0 ,First,#,ExamsOnlyR9R3,USGS_ANDER,-1,-1,subsetR4,USGS_ANDER,-1,-1;ORIGINAL_A "ORIGINAL_A" true true false 19 Double 0 0 ,First,#,ExamsOnlyR9R3,ORIGINAL_A,-1,-1,subsetR4,ORIGINAL_A,-1,-1;ACRES_MANU "ACRES_MANU" true true false 19 Double 0 0 ,First,#,ExamsOnlyR9R3,ACRES_MANU,-1,-1,subsetR4,ACRES_MANU,-1,-1;SAMPLE_DAT "SAMPLE_DAT" true true false 5 Text 0 0 ,First,#,ExamsOnlyR9R3,SAMPLE_DAT,-1,-1,subsetR4,SAMPLE_DAT,-1,-1;PURPOSE_CO "PURPOSE_CO" true true false 4 Text 0 0 ,First,#,ExamsOnlyR9R3,PURPOSE_CO,-1,-1,subsetR4,PURPOSE_CO,-1,-1;LOADER_VER "LOADER_VER" true true false 15 Text 0 0 ,First,#,ExamsOnlyR9R3,LOADER_VER,-1,-1,subsetR4,LOADER_VER,-1,-1;AGENCY "AGENCY" true true false 4 Text 0 0 ,First,#,ExamsOnlyR9R3,AGENCY,-1,-1,subsetR4,AGENCY,-1,-1;SAMPLE_D_1 "SAMPLE_D_1" true true false 8 Date 0 0 ,First,#,ExamsOnlyR9R3,SAMPLE_D_1,-1,-1,subsetR4,SAMPLE_D_1,-1,-1;USGS_AND_1 "USGS_AND_1" true true false 2 Text 0 0 ,First,#,ExamsOnlyR9R3,USGS_AND_1,-1,-1,subsetR4,USGS_AND_1,-1,-1;FLM_DATA_S "FLM_DATA_S" true true false 2 Text 0 0 ,First,#,ExamsOnlyR9R3,FLM_DATA_S,-1,-1,subsetR4,FLM_DATA_S,-1,-1;FLM_ACCURA "FLM_ACCURA" true true false 19 Double 0 0 ,First,#,ExamsOnlyR9R3,FLM_ACCURA,-1,-1,subsetR4,FLM_ACCURA,-1,-1;FLM_ACCU_1 "FLM_ACCU_1" true true false 10 Text 0 0 ,First,#,ExamsOnlyR9R3,FLM_ACCU_1,-1,-1,subsetR4,FLM_ACCU_1,-1,-1;FLM_DESCRI "FLM_DESCRI" true true false 254 Text 0 0 ,First,#,ExamsOnlyR9R3,FLM_DESCRI,-1,-1,subsetR4,FLM_DESCRI,-1,-1;SAMPLE_REC "SAMPLE_REC" true true false 60 Text 0 0 ,First,#,ExamsOnlyR9R3,SAMPLE_REC,-1,-1,subsetR4,SAMPLE_REC,-1,-1;SPECIES_SU "SPECIES_SU" true true false 6 Text 0 0 ,First,#,ExamsOnlyR9R3,SPECIES_SU,-1,-1,subsetR4,SPECIES_SU,-1,-1;DA_ADMIN_R "DA_ADMIN_R" true true false 2 Text 0 0 ,First,#,ExamsOnlyR9R3,DA_ADMIN_R,-1,-1,subsetR4,DA_ADMIN_R,-1,-1;DA_ADMIN_F "DA_ADMIN_F" true true false 2 Text 0 0 ,First,#,ExamsOnlyR9R3,DA_ADMIN_F,-1,-1,subsetR4,DA_ADMIN_F,-1,-1;DA_SETTING "DA_SETTING" true true false 30 Text 0 0 ,First,#,ExamsOnlyR9R3,DA_SETTING,-1,-1,subsetR4,DA_SETTING,-1,-1;DA_POLY_ID "DA_POLY_ID" true true false 10 Long 0 10 ,First,#,ExamsOnlyR9R3,DA_POLY_ID,-1,-1,subsetR4,DA_POLY_ID,-1,-1;DA_DATA_SO "DA_DATA_SO" true true false 20 Text 0 0 ,First,#,ExamsOnlyR9R3,DA_DATA_SO,-1,-1,subsetR4,DA_DATA_SO,-1,-1;DA_ACRES "DA_ACRES" true true false 19 Double 0 0 ,First,#,ExamsOnlyR9R3,DA_ACRES,-1,-1,subsetR4,DA_ACRES,-1,-1;DA_NO_ACTI "DA_NO_ACTI" true true false 30 Text 0 0 ,First,#,ExamsOnlyR9R3,DA_NO_ACTI,-1,-1,subsetR4,DA_NO_ACTI,-1,-1;DA_USE_EXA "DA_USE_EXA" true true false 30 Text 0 0 ,First,#,ExamsOnlyR9R3,DA_USE_EXA,-1,-1,subsetR4,DA_USE_EXA,-1,-1;DA_EXAM_EX "DA_EXAM_EX" true true false 25 Text 0 0 ,First,#,ExamsOnlyR9R3,DA_EXAM_EX,-1,-1,subsetR4,DA_EXAM_EX,-1,-1;DA_VEG_GRO "DA_VEG_GRO" true true false 15 Text 0 0 ,First,#,ExamsOnlyR9R3,DA_VEG_GRO,-1,-1,subsetR4,DA_VEG_GRO,-1,-1;DA_TREES_I "DA_TREES_I" true true false 5 Text 0 0 ,First,#,ExamsOnlyR9R3,DA_TREES_I,-1,-1,subsetR4,DA_TREES_I,-1,-1;FSVEG_PROJ "FSVEG_PROJ" true true false 25 Text 0 0 ,First,#,ExamsOnlyR9R3,FSVEG_PROJ,-1,-1,subsetR4,FSVEG_PROJ,-1,-1;FSVEG_INV_ "FSVEG_INV_" true true false 10 Long 0 10 ,First,#,ExamsOnlyR9R3,FSVEG_INV_,-1,-1,subsetR4,FSVEG_INV_,-1,-1;FSVEG_SAMP "FSVEG_SAMP" true true false 10 Text 0 0 ,First,#,ExamsOnlyR9R3,FSVEG_SAMP,-1,-1,subsetR4,FSVEG_SAMP,-1,-1;SHAPE_Leng "SHAPE_Leng" true true false 19 Double 0 0 ,First,#,ExamsOnlyR9R3,SHAPE_Leng,-1,-1,subsetR4,SHAPE_Leng,-1,-1;SHAPE_Area "SHAPE_Area" true true false 19 Double 0 0 ,First,#,ExamsOnlyR9R3,SHAPE_Area,-1,-1,subsetR4,SHAPE_Area,-1,-1;OBJECTID "OBJECTID" true true false 10 Long 0 10 ,First,#,subsetR4,OBJECTID,-1,-1;CREATED_BY "CREATED_BY" true true false 30 Text 0 0 ,First,#,subsetR4,CREATED_BY,-1,-1;CREATED_DA "CREATED_DA" true true false 8 Date 0 0 ,First,#,subsetR4,CREATED_DA,-1,-1;MODIFIED_B "MODIFIED_B" true true false 30 Text 0 0 ,First,#,subsetR4,MODIFIED_B,-1,-1;MODIFIED_D "MODIFIED_D" true true false 8 Date 0 0 ,First,#,subsetR4,MODIFIED_D,-1,-1;DA_NN_QUAL "DA_NN_QUAL" true true false 20 Text 0 0 ,First,#,subsetR4,DA_NN_QUAL,-1,-1;DA_NN_IMPU "DA_NN_IMPU" true true false 10 Long 0 10 ,First,#,subsetR4,DA_NN_IMPU,-1,-1;DA_NN_USE1 "DA_NN_USE1" true true false 19 Double 0 0 ,First,#,subsetR4,DA_NN_USE1,-1,-1;DA_NN_RMSD "DA_NN_RMSD" true true false 19 Double 0 0 ,First,#,subsetR4,DA_NN_RMSD,-1,-1"</Process><Process ToolSource="e:\arcgis\desktop10.5\ArcToolbox\Toolboxes\Data Management Tools.tbx\Merge" Date="20200108" Time="111713">Merge ExamsOnlyR9R3R4;SubsetR6 T:\FS\NFS\WOForestMgmt\Project\FMSC\FVS_Restricted\fvsdata\FVSRegionalTrainingData\ExamsOnlyR9R3R4R6.shp "SPATIAL_ID "SPATIAL_ID" true true false 40 Text 0 0 ,First,#,ExamsOnlyR9R3R4,SPATIAL_ID,-1,-1,SubsetR6,SPATIAL_ID,-1,-1;REGION_PRO "REGION_PRO" true true false 2 Text 0 0 ,First,#,ExamsOnlyR9R3R4,REGION_PRO,-1,-1,SubsetR6,REGION_PRO,-1,-1;FOREST_PRO "FOREST_PRO" true true false 2 Text 0 0 ,First,#,ExamsOnlyR9R3R4,FOREST_PRO,-1,-1,SubsetR6,FOREST_PRO,-1,-1;DISTRICT_N "DISTRICT_N" true true false 2 Text 0 0 ,First,#,ExamsOnlyR9R3R4,DISTRICT_N,-1,-1,SubsetR6,DISTRICT_N,-1,-1;LOCATION "LOCATION" true true false 16 Text 0 0 ,First,#,ExamsOnlyR9R3R4,LOCATION,-1,-1,SubsetR6,LOCATION,-1,-1;ORIGINAL_P "ORIGINAL_P" true true false 10 Long 0 10 ,First,#,ExamsOnlyR9R3R4,ORIGINAL_P,-1,-1,SubsetR6,ORIGINAL_P,-1,-1;ORIGINAL_S "ORIGINAL_S" true true false 30 Text 0 0 ,First,#,ExamsOnlyR9R3R4,ORIGINAL_S,-1,-1,SubsetR6,ORIGINAL_S,-1,-1;NUM_EXAMS "NUM_EXAMS" true true false 10 Long 0 10 ,First,#,ExamsOnlyR9R3R4,NUM_EXAMS,-1,-1,SubsetR6,NUM_EXAMS,-1,-1;USGS_ANDER "USGS_ANDER" true true false 1 Text 0 0 ,First,#,ExamsOnlyR9R3R4,USGS_ANDER,-1,-1,SubsetR6,USGS_ANDER,-1,-1;ORIGINAL_A "ORIGINAL_A" true true false 19 Double 0 0 ,First,#,ExamsOnlyR9R3R4,ORIGINAL_A,-1,-1,SubsetR6,ORIGINAL_A,-1,-1;ACRES_MANU "ACRES_MANU" true true false 19 Double 0 0 ,First,#,ExamsOnlyR9R3R4,ACRES_MANU,-1,-1,SubsetR6,ACRES_MANU,-1,-1;SAMPLE_DAT "SAMPLE_DAT" true true false 5 Text 0 0 ,First,#,ExamsOnlyR9R3R4,SAMPLE_DAT,-1,-1,SubsetR6,SAMPLE_DAT,-1,-1;PURPOSE_CO "PURPOSE_CO" true true false 4 Text 0 0 ,First,#,ExamsOnlyR9R3R4,PURPOSE_CO,-1,-1,SubsetR6,PURPOSE_CO,-1,-1;LOADER_VER "LOADER_VER" true true false 15 Text 0 0 ,First,#,ExamsOnlyR9R3R4,LOADER_VER,-1,-1,SubsetR6,LOADER_VER,-1,-1;AGENCY "AGENCY" true true false 4 Text 0 0 ,First,#,ExamsOnlyR9R3R4,AGENCY,-1,-1,SubsetR6,AGENCY,-1,-1;SAMPLE_D_1 "SAMPLE_D_1" true true false 8 Date 0 0 ,First,#,ExamsOnlyR9R3R4,SAMPLE_D_1,-1,-1,SubsetR6,SAMPLE_D_1,-1,-1;USGS_AND_1 "USGS_AND_1" true true false 2 Text 0 0 ,First,#,ExamsOnlyR9R3R4,USGS_AND_1,-1,-1,SubsetR6,USGS_AND_1,-1,-1;FLM_DATA_S "FLM_DATA_S" true true false 2 Text 0 0 ,First,#,ExamsOnlyR9R3R4,FLM_DATA_S,-1,-1,SubsetR6,FLM_DATA_S,-1,-1;FLM_ACCURA "FLM_ACCURA" true true false 19 Double 0 0 ,First,#,ExamsOnlyR9R3R4,FLM_ACCURA,-1,-1,SubsetR6,FLM_ACCURA,-1,-1;FLM_ACCU_1 "FLM_ACCU_1" true true false 10 Text 0 0 ,First,#,ExamsOnlyR9R3R4,FLM_ACCU_1,-1,-1,SubsetR6,FLM_ACCU_1,-1,-1;FLM_DESCRI "FLM_DESCRI" true true false 254 Text 0 0 ,First,#,ExamsOnlyR9R3R4,FLM_DESCRI,-1,-1;SAMPLE_REC "SAMPLE_REC" true true false 60 Text 0 0 ,First,#,ExamsOnlyR9R3R4,SAMPLE_REC,-1,-1,SubsetR6,SAMPLE_REC,-1,-1;SPECIES_SU "SPECIES_SU" true true false 6 Text 0 0 ,First,#,ExamsOnlyR9R3R4,SPECIES_SU,-1,-1,SubsetR6,SPECIES_SU,-1,-1;DA_ADMIN_R "DA_ADMIN_R" true true false 2 Text 0 0 ,First,#,ExamsOnlyR9R3R4,DA_ADMIN_R,-1,-1,SubsetR6,DA_ADMIN_R,-1,-1;DA_ADMIN_F "DA_ADMIN_F" true true false 2 Text 0 0 ,First,#,ExamsOnlyR9R3R4,DA_ADMIN_F,-1,-1,SubsetR6,DA_ADMIN_F,-1,-1;DA_SETTING "DA_SETTING" true true false 30 Text 0 0 ,First,#,ExamsOnlyR9R3R4,DA_SETTING,-1,-1,SubsetR6,DA_SETTING,-1,-1;DA_POLY_ID "DA_POLY_ID" true true false 10 Long 0 10 ,First,#,ExamsOnlyR9R3R4,DA_POLY_ID,-1,-1,SubsetR6,DA_POLY_ID,-1,-1;DA_DATA_SO "DA_DATA_SO" true true false 20 Text 0 0 ,First,#,ExamsOnlyR9R3R4,DA_DATA_SO,-1,-1,SubsetR6,DA_DATA_SO,-1,-1;DA_ACRES "DA_ACRES" true true false 19 Double 0 0 ,First,#,ExamsOnlyR9R3R4,DA_ACRES,-1,-1,SubsetR6,DA_ACRES,-1,-1;DA_NO_ACTI "DA_NO_ACTI" true true false 30 Text 0 0 ,First,#,ExamsOnlyR9R3R4,DA_NO_ACTI,-1,-1,SubsetR6,DA_NO_ACTI,-1,-1;DA_USE_EXA "DA_USE_EXA" true true false 30 Text 0 0 ,First,#,ExamsOnlyR9R3R4,DA_USE_EXA,-1,-1,SubsetR6,DA_USE_EXA,-1,-1;DA_EXAM_EX "DA_EXAM_EX" true true false 25 Text 0 0 ,First,#,ExamsOnlyR9R3R4,DA_EXAM_EX,-1,-1,SubsetR6,DA_EXAM_EX,-1,-1;DA_VEG_GRO "DA_VEG_GRO" true true false 15 Text 0 0 ,First,#,ExamsOnlyR9R3R4,DA_VEG_GRO,-1,-1,SubsetR6,DA_VEG_GRO,-1,-1;DA_TREES_I "DA_TREES_I" true true false 5 Text 0 0 ,First,#,ExamsOnlyR9R3R4,DA_TREES_I,-1,-1,SubsetR6,DA_TREES_I,-1,-1;FSVEG_PROJ "FSVEG_PROJ" true true false 25 Text 0 0 ,First,#,ExamsOnlyR9R3R4,FSVEG_PROJ,-1,-1,SubsetR6,FSVEG_PROJ,-1,-1;FSVEG_INV_ "FSVEG_INV_" true true false 10 Long 0 10 ,First,#,ExamsOnlyR9R3R4,FSVEG_INV_,-1,-1,SubsetR6,FSVEG_INV_,-1,-1;FSVEG_SAMP "FSVEG_SAMP" true true false 10 Text 0 0 ,First,#,ExamsOnlyR9R3R4,FSVEG_SAMP,-1,-1,SubsetR6,FSVEG_SAMP,-1,-1;SHAPE_Leng "SHAPE_Leng" true true false 19 Double 0 0 ,First,#,ExamsOnlyR9R3R4,SHAPE_Leng,-1,-1,SubsetR6,SHAPE_Leng,-1,-1;SHAPE_Area "SHAPE_Area" true true false 19 Double 0 0 ,First,#,ExamsOnlyR9R3R4,SHAPE_Area,-1,-1,SubsetR6,SHAPE_Area,-1,-1;OBJECTID "OBJECTID" true true false 10 Long 0 10 ,First,#,ExamsOnlyR9R3R4,OBJECTID,-1,-1,SubsetR6,OBJECTID,-1,-1;CREATED_BY "CREATED_BY" true true false 30 Text 0 0 ,First,#,ExamsOnlyR9R3R4,CREATED_BY,-1,-1;CREATED_DA "CREATED_DA" true true false 8 Date 0 0 ,First,#,ExamsOnlyR9R3R4,CREATED_DA,-1,-1,SubsetR6,CREATED_DA,-1,-1;MODIFIED_B "MODIFIED_B" true true false 30 Text 0 0 ,First,#,ExamsOnlyR9R3R4,MODIFIED_B,-1,-1;MODIFIED_D "MODIFIED_D" true true false 8 Date 0 0 ,First,#,ExamsOnlyR9R3R4,MODIFIED_D,-1,-1,SubsetR6,MODIFIED_D,-1,-1;DA_NN_QUAL "DA_NN_QUAL" true true false 20 Text 0 0 ,First,#,ExamsOnlyR9R3R4,DA_NN_QUAL,-1,-1,SubsetR6,DA_NN_QUAL,-1,-1;DA_NN_IMPU "DA_NN_IMPU" true true false 10 Long 0 10 ,First,#,ExamsOnlyR9R3R4,DA_NN_IMPU,-1,-1,SubsetR6,DA_NN_IMPU,-1,-1;DA_NN_USE1 "DA_NN_USE1" true true false 19 Double 0 0 ,First,#,ExamsOnlyR9R3R4,DA_NN_USE1,-1,-1,SubsetR6,DA_NN_USE1,-1,-1;DA_NN_RMSD "DA_NN_RMSD" true true false 19 Double 0 0 ,First,#,ExamsOnlyR9R3R4,DA_NN_RMSD,-1,-1,SubsetR6,DA_NN_RMSD,-1,-1"</Process><Process ToolSource="e:\arcgis\desktop10.5\ArcToolbox\Toolboxes\Data Management Tools.tbx\Merge" Date="20200108" Time="124635">Merge ExamsOnlyR9R3R4R6R2;subsetRrD T:\FS\NFS\WOForestMgmt\Project\FMSC\FVS_Restricted\fvsdata\FVSRegionalTrainingData\ExamsOnlyR9R3R4R6R2D.shp "SPATIAL_ID "SPATIAL_ID" true true false 40 Text 0 0 ,First,#,ExamsOnlyR9R3R4R6R2,SPATIAL_ID,-1,-1,subsetRrD,SPATIAL_ID,-1,-1;REGION_PRO "REGION_PRO" true true false 2 Text 0 0 ,First,#,ExamsOnlyR9R3R4R6R2,REGION_PRO,-1,-1,subsetRrD,REGION_PRO,-1,-1;FOREST_PRO "FOREST_PRO" true true false 2 Text 0 0 ,First,#,ExamsOnlyR9R3R4R6R2,FOREST_PRO,-1,-1,subsetRrD,FOREST_PRO,-1,-1;DISTRICT_N "DISTRICT_N" true true false 2 Text 0 0 ,First,#,ExamsOnlyR9R3R4R6R2,DISTRICT_N,-1,-1,subsetRrD,DISTRICT_N,-1,-1;LOCATION "LOCATION" true true false 16 Text 0 0 ,First,#,ExamsOnlyR9R3R4R6R2,LOCATION,-1,-1,subsetRrD,LOCATION,-1,-1;ORIGINAL_P "ORIGINAL_P" true true false 10 Long 0 10 ,First,#,ExamsOnlyR9R3R4R6R2,ORIGINAL_P,-1,-1,subsetRrD,ORIGINAL_P,-1,-1;ORIGINAL_S "ORIGINAL_S" true true false 30 Text 0 0 ,First,#,ExamsOnlyR9R3R4R6R2,ORIGINAL_S,-1,-1,subsetRrD,ORIGINAL_S,-1,-1;NUM_EXAMS "NUM_EXAMS" true true false 10 Long 0 10 ,First,#,ExamsOnlyR9R3R4R6R2,NUM_EXAMS,-1,-1,subsetRrD,NUM_EXAMS,-1,-1;USGS_ANDER "USGS_ANDER" true true false 1 Text 0 0 ,First,#,ExamsOnlyR9R3R4R6R2,USGS_ANDER,-1,-1,subsetRrD,USGS_ANDER,-1,-1;ORIGINAL_A "ORIGINAL_A" true true false 19 Double 0 0 ,First,#,ExamsOnlyR9R3R4R6R2,ORIGINAL_A,-1,-1,subsetRrD,ORIGINAL_A,-1,-1;ACRES_MANU "ACRES_MANU" true true false 19 Double 0 0 ,First,#,ExamsOnlyR9R3R4R6R2,ACRES_MANU,-1,-1,subsetRrD,ACRES_MANU,-1,-1;SAMPLE_DAT "SAMPLE_DAT" true true false 5 Text 0 0 ,First,#,ExamsOnlyR9R3R4R6R2,SAMPLE_DAT,-1,-1,subsetRrD,SAMPLE_DAT,-1,-1;PURPOSE_CO "PURPOSE_CO" true true false 4 Text 0 0 ,First,#,ExamsOnlyR9R3R4R6R2,PURPOSE_CO,-1,-1,subsetRrD,PURPOSE_CO,-1,-1;LOADER_VER "LOADER_VER" true true false 15 Text 0 0 ,First,#,ExamsOnlyR9R3R4R6R2,LOADER_VER,-1,-1,subsetRrD,LOADER_VER,-1,-1;AGENCY "AGENCY" true true false 4 Text 0 0 ,First,#,ExamsOnlyR9R3R4R6R2,AGENCY,-1,-1,subsetRrD,AGENCY,-1,-1;SAMPLE_D_1 "SAMPLE_D_1" true true false 8 Date 0 0 ,First,#,ExamsOnlyR9R3R4R6R2,SAMPLE_D_1,-1,-1,subsetRrD,SAMPLE_D_1,-1,-1;USGS_AND_1 "USGS_AND_1" true true false 2 Text 0 0 ,First,#,ExamsOnlyR9R3R4R6R2,USGS_AND_1,-1,-1,subsetRrD,USGS_AND_1,-1,-1;FLM_DATA_S "FLM_DATA_S" true true false 2 Text 0 0 ,First,#,ExamsOnlyR9R3R4R6R2,FLM_DATA_S,-1,-1,subsetRrD,FLM_DATA_S,-1,-1;FLM_ACCURA "FLM_ACCURA" true true false 19 Double 0 0 ,First,#,ExamsOnlyR9R3R4R6R2,FLM_ACCURA,-1,-1,subsetRrD,FLM_ACCURA,-1,-1;FLM_ACCU_1 "FLM_ACCU_1" true true false 10 Text 0 0 ,First,#,ExamsOnlyR9R3R4R6R2,FLM_ACCU_1,-1,-1,subsetRrD,FLM_ACCU_1,-1,-1;FLM_DESCRI "FLM_DESCRI" true true false 254 Text 0 0 ,First,#,ExamsOnlyR9R3R4R6R2,FLM_DESCRI,-1,-1,subsetRrD,FLM_DESCRI,-1,-1;SAMPLE_REC "SAMPLE_REC" true true false 60 Text 0 0 ,First,#,ExamsOnlyR9R3R4R6R2,SAMPLE_REC,-1,-1,subsetRrD,SAMPLE_REC,-1,-1;SPECIES_SU "SPECIES_SU" true true false 6 Text 0 0 ,First,#,ExamsOnlyR9R3R4R6R2,SPECIES_SU,-1,-1,subsetRrD,SPECIES_SU,-1,-1;DA_ADMIN_R "DA_ADMIN_R" true true false 2 Text 0 0 ,First,#,ExamsOnlyR9R3R4R6R2,DA_ADMIN_R,-1,-1,subsetRrD,DA_ADMIN_R,-1,-1;DA_ADMIN_F "DA_ADMIN_F" true true false 2 Text 0 0 ,First,#,ExamsOnlyR9R3R4R6R2,DA_ADMIN_F,-1,-1,subsetRrD,DA_ADMIN_F,-1,-1;DA_SETTING "DA_SETTING" true true false 30 Text 0 0 ,First,#,ExamsOnlyR9R3R4R6R2,DA_SETTING,-1,-1,subsetRrD,DA_SETTING,-1,-1;DA_POLY_ID "DA_POLY_ID" true true false 10 Long 0 10 ,First,#,ExamsOnlyR9R3R4R6R2,DA_POLY_ID,-1,-1,subsetRrD,DA_POLY_ID,-1,-1;DA_DATA_SO "DA_DATA_SO" true true false 20 Text 0 0 ,First,#,ExamsOnlyR9R3R4R6R2,DA_DATA_SO,-1,-1,subsetRrD,DA_DATA_SO,-1,-1;DA_ACRES "DA_ACRES" true true false 19 Double 0 0 ,First,#,ExamsOnlyR9R3R4R6R2,DA_ACRES,-1,-1,subsetRrD,DA_ACRES,-1,-1;DA_NO_ACTI "DA_NO_ACTI" true true false 30 Text 0 0 ,First,#,ExamsOnlyR9R3R4R6R2,DA_NO_ACTI,-1,-1,subsetRrD,DA_NO_ACTI,-1,-1;DA_USE_EXA "DA_USE_EXA" true true false 30 Text 0 0 ,First,#,ExamsOnlyR9R3R4R6R2,DA_USE_EXA,-1,-1,subsetRrD,DA_USE_EXA,-1,-1;DA_EXAM_EX "DA_EXAM_EX" true true false 25 Text 0 0 ,First,#,ExamsOnlyR9R3R4R6R2,DA_EXAM_EX,-1,-1,subsetRrD,DA_EXAM_EX,-1,-1;DA_VEG_GRO "DA_VEG_GRO" true true false 15 Text 0 0 ,First,#,ExamsOnlyR9R3R4R6R2,DA_VEG_GRO,-1,-1,subsetRrD,DA_VEG_GRO,-1,-1;DA_TREES_I "DA_TREES_I" true true false 5 Text 0 0 ,First,#,ExamsOnlyR9R3R4R6R2,DA_TREES_I,-1,-1,subsetRrD,DA_TREES_I,-1,-1;FSVEG_PROJ "FSVEG_PROJ" true true false 25 Text 0 0 ,First,#,ExamsOnlyR9R3R4R6R2,FSVEG_PROJ,-1,-1,subsetRrD,FSVEG_PROJ,-1,-1;FSVEG_INV_ "FSVEG_INV_" true true false 10 Long 0 10 ,First,#,ExamsOnlyR9R3R4R6R2,FSVEG_INV_,-1,-1,subsetRrD,FSVEG_INV_,-1,-1;FSVEG_SAMP "FSVEG_SAMP" true true false 10 Text 0 0 ,First,#,ExamsOnlyR9R3R4R6R2,FSVEG_SAMP,-1,-1,subsetRrD,FSVEG_SAMP,-1,-1;SHAPE_Leng "SHAPE_Leng" true true false 19 Double 0 0 ,First,#,ExamsOnlyR9R3R4R6R2,SHAPE_Leng,-1,-1,subsetRrD,SHAPE_Leng,-1,-1;SHAPE_Area "SHAPE_Area" true true false 19 Double 0 0 ,First,#,ExamsOnlyR9R3R4R6R2,SHAPE_Area,-1,-1,subsetRrD,SHAPE_Area,-1,-1;OBJECTID "OBJECTID" true true false 10 Long 0 10 ,First,#,ExamsOnlyR9R3R4R6R2,OBJECTID,-1,-1,subsetRrD,OBJECTID,-1,-1;CREATED_BY "CREATED_BY" true true false 30 Text 0 0 ,First,#,ExamsOnlyR9R3R4R6R2,CREATED_BY,-1,-1,subsetRrD,CREATED_BY,-1,-1;CREATED_DA "CREATED_DA" true true false 8 Date 0 0 ,First,#,ExamsOnlyR9R3R4R6R2,CREATED_DA,-1,-1,subsetRrD,CREATED_DA,-1,-1;MODIFIED_B "MODIFIED_B" true true false 30 Text 0 0 ,First,#,ExamsOnlyR9R3R4R6R2,MODIFIED_B,-1,-1,subsetRrD,MODIFIED_B,-1,-1;MODIFIED_D "MODIFIED_D" true true false 8 Date 0 0 ,First,#,ExamsOnlyR9R3R4R6R2,MODIFIED_D,-1,-1,subsetRrD,MODIFIED_D,-1,-1;DA_NN_QUAL "DA_NN_QUAL" true true false 20 Text 0 0 ,First,#,ExamsOnlyR9R3R4R6R2,DA_NN_QUAL,-1,-1,subsetRrD,DA_NN_QUAL,-1,-1;DA_NN_IMPU "DA_NN_IMPU" true true false 10 Long 0 10 ,First,#,ExamsOnlyR9R3R4R6R2,DA_NN_IMPU,-1,-1,subsetRrD,DA_NN_IMPU,-1,-1;DA_NN_USE1 "DA_NN_USE1" true true false 19 Double 0 0 ,First,#,ExamsOnlyR9R3R4R6R2,DA_NN_USE1,-1,-1,subsetRrD,DA_NN_USE1,-1,-1;DA_NN_RMSD "DA_NN_RMSD" true true false 19 Double 0 0 ,First,#,ExamsOnlyR9R3R4R6R2,DA_NN_RMSD,-1,-1,subsetRrD,DA_NN_RMSD,-1,-1"</Process><Process ToolSource="e:\arcgis\desktop10.5\ArcToolbox\Toolboxes\Data Management Tools.tbx\Merge" Date="20200108" Time="132348">Merge ExamsOnlyR9R3R4R6R2D;subsettal;subsetash T:\FS\NFS\WOForestMgmt\Project\FMSC\FVS_Restricted\fvsdata\FVSRegionalTrainingData\ExamsOnlyR9R3R4R6R2DR8.shp "SPATIAL_ID "SPATIAL_ID" true true false 40 Text 0 0 ,First,#,ExamsOnlyR9R3R4R6R2D,SPATIAL_ID,-1,-1,subsettal,SPATIAL_ID,-1,-1,subsetash,SPATIAL_ID,-1,-1;REGION_PRO "REGION_PRO" true true false 2 Text 0 0 ,First,#,ExamsOnlyR9R3R4R6R2D,REGION_PRO,-1,-1,subsettal,REGION_PRO,-1,-1,subsetash,REGION_PRO,-1,-1;FOREST_PRO "FOREST_PRO" true true false 2 Text 0 0 ,First,#,ExamsOnlyR9R3R4R6R2D,FOREST_PRO,-1,-1,subsettal,FOREST_PRO,-1,-1,subsetash,FOREST_PRO,-1,-1;DISTRICT_N "DISTRICT_N" true true false 2 Text 0 0 ,First,#,ExamsOnlyR9R3R4R6R2D,DISTRICT_N,-1,-1,subsettal,DISTRICT_N,-1,-1,subsetash,DISTRICT_N,-1,-1;LOCATION "LOCATION" true true false 16 Text 0 0 ,First,#,ExamsOnlyR9R3R4R6R2D,LOCATION,-1,-1,subsettal,LOCATION,-1,-1,subsetash,LOCATION,-1,-1;ORIGINAL_P "ORIGINAL_P" true true false 10 Long 0 10 ,First,#,ExamsOnlyR9R3R4R6R2D,ORIGINAL_P,-1,-1,subsettal,ORIGINAL_P,-1,-1,subsetash,ORIGINAL_P,-1,-1;ORIGINAL_S "ORIGINAL_S" true true false 30 Text 0 0 ,First,#,ExamsOnlyR9R3R4R6R2D,ORIGINAL_S,-1,-1,subsettal,ORIGINAL_S,-1,-1,subsetash,ORIGINAL_S,-1,-1;NUM_EXAMS "NUM_EXAMS" true true false 10 Long 0 10 ,First,#,ExamsOnlyR9R3R4R6R2D,NUM_EXAMS,-1,-1,subsettal,NUM_EXAMS,-1,-1,subsetash,NUM_EXAMS,-1,-1;USGS_ANDER "USGS_ANDER" true true false 1 Text 0 0 ,First,#,ExamsOnlyR9R3R4R6R2D,USGS_ANDER,-1,-1,subsettal,USGS_ANDER,-1,-1,subsetash,USGS_ANDER,-1,-1;ORIGINAL_A "ORIGINAL_A" true true false 19 Double 0 0 ,First,#,ExamsOnlyR9R3R4R6R2D,ORIGINAL_A,-1,-1,subsettal,ORIGINAL_A,-1,-1,subsetash,ORIGINAL_A,-1,-1;ACRES_MANU "ACRES_MANU" true true false 19 Double 0 0 ,First,#,ExamsOnlyR9R3R4R6R2D,ACRES_MANU,-1,-1,subsettal,ACRES_MANU,-1,-1,subsetash,ACRES_MANU,-1,-1;SAMPLE_DAT "SAMPLE_DAT" true true false 5 Text 0 0 ,First,#,ExamsOnlyR9R3R4R6R2D,SAMPLE_DAT,-1,-1,subsettal,SAMPLE_DAT,-1,-1,subsetash,SAMPLE_DAT,-1,-1;PURPOSE_CO "PURPOSE_CO" true true false 4 Text 0 0 ,First,#,ExamsOnlyR9R3R4R6R2D,PURPOSE_CO,-1,-1,subsettal,PURPOSE_CO,-1,-1,subsetash,PURPOSE_CO,-1,-1;LOADER_VER "LOADER_VER" true true false 15 Text 0 0 ,First,#,ExamsOnlyR9R3R4R6R2D,LOADER_VER,-1,-1,subsettal,LOADER_VER,-1,-1,subsetash,LOADER_VER,-1,-1;AGENCY "AGENCY" true true false 4 Text 0 0 ,First,#,ExamsOnlyR9R3R4R6R2D,AGENCY,-1,-1,subsettal,AGENCY,-1,-1,subsetash,AGENCY,-1,-1;SAMPLE_D_1 "SAMPLE_D_1" true true false 8 Date 0 0 ,First,#,ExamsOnlyR9R3R4R6R2D,SAMPLE_D_1,-1,-1,subsettal,SAMPLE_D_1,-1,-1,subsetash,SAMPLE_D_1,-1,-1;USGS_AND_1 "USGS_AND_1" true true false 2 Text 0 0 ,First,#,ExamsOnlyR9R3R4R6R2D,USGS_AND_1,-1,-1,subsettal,USGS_AND_1,-1,-1,subsetash,USGS_AND_1,-1,-1;FLM_DATA_S "FLM_DATA_S" true true false 2 Text 0 0 ,First,#,ExamsOnlyR9R3R4R6R2D,FLM_DATA_S,-1,-1,subsettal,FLM_DATA_S,-1,-1,subsetash,FLM_DATA_S,-1,-1;FLM_ACCURA "FLM_ACCURA" true true false 19 Double 0 0 ,First,#,ExamsOnlyR9R3R4R6R2D,FLM_ACCURA,-1,-1,subsettal,FLM_ACCURA,-1,-1,subsetash,FLM_ACCURA,-1,-1;FLM_ACCU_1 "FLM_ACCU_1" true true false 10 Text 0 0 ,First,#,ExamsOnlyR9R3R4R6R2D,FLM_ACCU_1,-1,-1,subsettal,FLM_ACCU_1,-1,-1,subsetash,FLM_ACCU_1,-1,-1;FLM_DESCRI "FLM_DESCRI" true true false 254 Text 0 0 ,First,#,ExamsOnlyR9R3R4R6R2D,FLM_DESCRI,-1,-1,subsettal,FLM_DESCRI,-1,-1,subsetash,FLM_DESCRI,-1,-1;SAMPLE_REC "SAMPLE_REC" true true false 60 Text 0 0 ,First,#,ExamsOnlyR9R3R4R6R2D,SAMPLE_REC,-1,-1,subsettal,SAMPLE_REC,-1,-1,subsetash,SAMPLE_REC,-1,-1;SPECIES_SU "SPECIES_SU" true true false 6 Text 0 0 ,First,#,ExamsOnlyR9R3R4R6R2D,SPECIES_SU,-1,-1,subsettal,SPECIES_SU,-1,-1,subsetash,SPECIES_SU,-1,-1;DA_ADMIN_R "DA_ADMIN_R" true true false 2 Text 0 0 ,First,#,ExamsOnlyR9R3R4R6R2D,DA_ADMIN_R,-1,-1,subsettal,DA_ADMIN_R,-1,-1,subsetash,DA_ADMIN_R,-1,-1;DA_ADMIN_F "DA_ADMIN_F" true true false 2 Text 0 0 ,First,#,ExamsOnlyR9R3R4R6R2D,DA_ADMIN_F,-1,-1,subsettal,DA_ADMIN_F,-1,-1,subsetash,DA_ADMIN_F,-1,-1;DA_SETTING "DA_SETTING" true true false 30 Text 0 0 ,First,#,ExamsOnlyR9R3R4R6R2D,DA_SETTING,-1,-1,subsettal,DA_SETTING,-1,-1,subsetash,DA_SETTING,-1,-1;DA_POLY_ID "DA_POLY_ID" true true false 10 Long 0 10 ,First,#,ExamsOnlyR9R3R4R6R2D,DA_POLY_ID,-1,-1,subsettal,DA_POLY_ID,-1,-1,subsetash,DA_POLY_ID,-1,-1;DA_DATA_SO "DA_DATA_SO" true true false 20 Text 0 0 ,First,#,ExamsOnlyR9R3R4R6R2D,DA_DATA_SO,-1,-1,subsettal,DA_DATA_SO,-1,-1,subsetash,DA_DATA_SO,-1,-1;DA_ACRES "DA_ACRES" true true false 19 Double 0 0 ,First,#,ExamsOnlyR9R3R4R6R2D,DA_ACRES,-1,-1,subsettal,DA_ACRES,-1,-1,subsetash,DA_ACRES,-1,-1;DA_NO_ACTI "DA_NO_ACTI" true true false 30 Text 0 0 ,First,#,ExamsOnlyR9R3R4R6R2D,DA_NO_ACTI,-1,-1,subsettal,DA_NO_ACTI,-1,-1,subsetash,DA_NO_ACTI,-1,-1;DA_USE_EXA "DA_USE_EXA" true true false 30 Text 0 0 ,First,#,ExamsOnlyR9R3R4R6R2D,DA_USE_EXA,-1,-1,subsettal,DA_USE_EXA,-1,-1,subsetash,DA_USE_EXA,-1,-1;DA_EXAM_EX "DA_EXAM_EX" true true false 25 Text 0 0 ,First,#,ExamsOnlyR9R3R4R6R2D,DA_EXAM_EX,-1,-1,subsettal,DA_EXAM_EX,-1,-1,subsetash,DA_EXAM_EX,-1,-1;DA_VEG_GRO "DA_VEG_GRO" true true false 15 Text 0 0 ,First,#,ExamsOnlyR9R3R4R6R2D,DA_VEG_GRO,-1,-1,subsettal,DA_VEG_GRO,-1,-1,subsetash,DA_VEG_GRO,-1,-1;DA_TREES_I "DA_TREES_I" true true false 5 Text 0 0 ,First,#,ExamsOnlyR9R3R4R6R2D,DA_TREES_I,-1,-1,subsettal,DA_TREES_I,-1,-1,subsetash,DA_TREES_I,-1,-1;FSVEG_PROJ "FSVEG_PROJ" true true false 25 Text 0 0 ,First,#,ExamsOnlyR9R3R4R6R2D,FSVEG_PROJ,-1,-1,subsettal,FSVEG_PROJ,-1,-1,subsetash,FSVEG_PROJ,-1,-1;FSVEG_INV_ "FSVEG_INV_" true true false 10 Long 0 10 ,First,#,ExamsOnlyR9R3R4R6R2D,FSVEG_INV_,-1,-1,subsettal,FSVEG_INV_,-1,-1,subsetash,FSVEG_INV_,-1,-1;FSVEG_SAMP "FSVEG_SAMP" true true false 10 Text 0 0 ,First,#,ExamsOnlyR9R3R4R6R2D,FSVEG_SAMP,-1,-1,subsettal,FSVEG_SAMP,-1,-1,subsetash,FSVEG_SAMP,-1,-1;SHAPE_Leng "SHAPE_Leng" true true false 19 Double 0 0 ,First,#,ExamsOnlyR9R3R4R6R2D,SHAPE_Leng,-1,-1;SHAPE_Area "SHAPE_Area" true true false 19 Double 0 0 ,First,#,ExamsOnlyR9R3R4R6R2D,SHAPE_Area,-1,-1;OBJECTID "OBJECTID" true true false 10 Long 0 10 ,First,#,ExamsOnlyR9R3R4R6R2D,OBJECTID,-1,-1;CREATED_BY "CREATED_BY" true true false 30 Text 0 0 ,First,#,ExamsOnlyR9R3R4R6R2D,CREATED_BY,-1,-1,subsettal,CREATED_BY,-1,-1,subsetash,CREATED_BY,-1,-1;CREATED_DA "CREATED_DA" true true false 8 Date 0 0 ,First,#,ExamsOnlyR9R3R4R6R2D,CREATED_DA,-1,-1,subsettal,CREATED_DA,-1,-1,subsetash,CREATED_DA,-1,-1;MODIFIED_B "MODIFIED_B" true true false 30 Text 0 0 ,First,#,ExamsOnlyR9R3R4R6R2D,MODIFIED_B,-1,-1,subsettal,MODIFIED_B,-1,-1,subsetash,MODIFIED_B,-1,-1;MODIFIED_D "MODIFIED_D" true true false 8 Date 0 0 ,First,#,ExamsOnlyR9R3R4R6R2D,MODIFIED_D,-1,-1,subsettal,MODIFIED_D,-1,-1,subsetash,MODIFIED_D,-1,-1;DA_NN_QUAL "DA_NN_QUAL" true true false 20 Text 0 0 ,First,#,ExamsOnlyR9R3R4R6R2D,DA_NN_QUAL,-1,-1;DA_NN_IMPU "DA_NN_IMPU" true true false 10 Long 0 10 ,First,#,ExamsOnlyR9R3R4R6R2D,DA_NN_IMPU,-1,-1;DA_NN_USE1 "DA_NN_USE1" true true false 19 Double 0 0 ,First,#,ExamsOnlyR9R3R4R6R2D,DA_NN_USE1,-1,-1;DA_NN_RMSD "DA_NN_RMSD" true true false 19 Double 0 0 ,First,#,ExamsOnlyR9R3R4R6R2D,DA_NN_RMSD,-1,-1"</Process><Process ToolSource="e:\arcgis\desktop10.5\ArcToolbox\Toolboxes\Data Management Tools.tbx\CalculateField" Date="20200109" Time="083919">CalculateField ExamsOnlyR9R3R4R6R2DR8 STAND_ID [ORIGINAL_S] VB #</Process><Process ToolSource="e:\arcgis\desktop10.5\ArcToolbox\Toolboxes\Data Management Tools.tbx\Merge" Date="20200109" Time="090600">Merge ExamsOnlyR9R3R4R6R2DR8;StandsLayer;Piper_Dx_pool_07302013 T:\FS\NFS\WOForestMgmt\Project\FMSC\FVS_Restricted\fvsdata\FVSRegionalTrainingData\ExamsOnlyR9R3R4R6R2DR8R1.shp "SPATIAL_ID "SPATIAL_ID" true true false 40 Text 0 0 ,First,#,ExamsOnlyR9R3R4R6R2DR8,SPATIAL_ID,-1,-1,Piper_Dx_pool_07302013,SPATIAL_ID,-1,-1;SHAPE_Leng "SHAPE_Leng" true true false 19 Double 0 0 ,First,#,ExamsOnlyR9R3R4R6R2DR8,SHAPE_Leng,-1,-1,StandsLayer,Shape_Leng,-1,-1;SHAPE_Area "SHAPE_Area" true true false 19 Double 0 0 ,First,#,ExamsOnlyR9R3R4R6R2DR8,SHAPE_Area,-1,-1,StandsLayer,Shape_Area,-1,-1;OBJECTID "OBJECTID" true true false 10 Long 0 10 ,First,#,ExamsOnlyR9R3R4R6R2DR8,OBJECTID,-1,-1,StandsLayer,OBJECTID,-1,-1;STAND_ID "STAND_ID" true true false 30 Text 0 0 ,First,#,ExamsOnlyR9R3R4R6R2DR8,STAND_ID,-1,-1,StandsLayer,STAND_ID,-1,-1,Piper_Dx_pool_07302013,STAND_ID,-1,-1"</Process><Process ToolSource="e:\arcgis\desktop10.5\ArcToolbox\Toolboxes\Data Management Tools.tbx\Merge" Date="20200109" Time="155348">Merge ExamsOnlyR9R3R4R6R2DR8R1R5;AZonly;MBRTNF T:\FS\NFS\WOForestMgmt\Project\FMSC\FVS_Restricted\fvsdata\FVSRegionalTrainingData\FVSTrainingMapData.shp "SPATIAL_ID "SPATIAL_ID" true true false 40 Text 0 0 ,First,#,ExamsOnlyR9R3R4R6R2DR8R1R5,SPATIAL_ID,-1,-1,AZonly,SPATIAL_ID,-1,-1,MBRTNF,SPATIAL_ID,-1,-1;SHAPE_Leng "SHAPE_Leng" true true false 19 Double 0 0 ,First,#,ExamsOnlyR9R3R4R6R2DR8R1R5,SHAPE_Leng,-1,-1,AZonly,SHAPE_Leng,-1,-1;SHAPE_Area "SHAPE_Area" true true false 19 Double 0 0 ,First,#,ExamsOnlyR9R3R4R6R2DR8R1R5,SHAPE_Area,-1,-1,AZonly,SHAPE_Area,-1,-1,MBRTNF,SHAPE_Area,-1,-1;OBJECTID "OBJECTID" true true false 10 Long 0 10 ,First,#,ExamsOnlyR9R3R4R6R2DR8R1R5,OBJECTID,-1,-1,AZonly,OBJECTID,-1,-1,MBRTNF,OBJECTID,-1,-1;STAND_ID "STAND_ID" true true false 30 Text 0 0 ,First,#,ExamsOnlyR9R3R4R6R2DR8R1R5,STAND_ID,-1,-1,AZonly,STAND_ID,-1,-1,MBRTNF,STAND_ID,-1,-1"</Process></lineage><coordRef><type Sync="TRUE">Projected</type><geogcsn Sync="TRUE">GCS_North_American_1983</geogcsn><csUnits Sync="TRUE">Linear Unit: Meter (1.000000)</csUnits><projcsn Sync="TRUE">NAD_1983_UTM_Zone_13N</projcsn><peXml Sync="TRUE">&lt;ProjectedCoordinateSystem xsi:type='typens:ProjectedCoordinateSystem' xmlns:xsi='http://www.w3.org/2001/XMLSchema-instance' xmlns:xs='http://www.w3.org/2001/XMLSchema' xmlns:typens='http://www.esri.com/schemas/ArcGIS/10.5'&gt;&lt;WKT&gt;PROJCS[&amp;quot;NAD_1983_UTM_Zone_13N&amp;quot;,GEOGCS[&amp;quot;GCS_North_American_1983&amp;quot;,DATUM[&amp;quot;D_North_American_1983&amp;quot;,SPHEROID[&amp;quot;GRS_1980&amp;quot;,6378137.0,298.257222101]],PRIMEM[&amp;quot;Greenwich&amp;quot;,0.0],UNIT[&amp;quot;Degree&amp;quot;,0.0174532925199433]],PROJECTION[&amp;quot;Transverse_Mercator&amp;quot;],PARAMETER[&amp;quot;False_Easting&amp;quot;,500000.0],PARAMETER[&amp;quot;False_Northing&amp;quot;,0.0],PARAMETER[&amp;quot;Central_Meridian&amp;quot;,-105.0],PARAMETER[&amp;quot;Scale_Factor&amp;quot;,0.9996],PARAMETER[&amp;quot;Latitude_Of_Origin&amp;quot;,0.0],UNIT[&amp;quot;Meter&amp;quot;,1.0],AUTHORITY[&amp;quot;EPSG&amp;quot;,26913]]&lt;/WKT&gt;&lt;XOrigin&gt;-5120900&lt;/XOrigin&gt;&lt;YOrigin&gt;-9998100&lt;/YOrigin&gt;&lt;XYScale&gt;450445547.3910538&lt;/XYScale&gt;&lt;ZOrigin&gt;-100000&lt;/ZOrigin&gt;&lt;ZScale&gt;10000&lt;/ZScale&gt;&lt;MOrigin&gt;-100000&lt;/MOrigin&gt;&lt;MScale&gt;10000&lt;/MScale&gt;&lt;XYTolerance&gt;0.001&lt;/XYTolerance&gt;&lt;ZTolerance&gt;0.001&lt;/ZTolerance&gt;&lt;MTolerance&gt;0.001&lt;/MTolerance&gt;&lt;HighPrecision&gt;true&lt;/HighPrecision&gt;&lt;WKID&gt;26913&lt;/WKID&gt;&lt;LatestWKID&gt;26913&lt;/LatestWKID&gt;&lt;/ProjectedCoordinateSystem&gt;</peXml></coordRef><copyHistory><copy source="T:\FS\NFS\WOForestMgmt\Project\FMSC\FVS_Restricted\fvsdata\FVSRegionalTrainingData\ExamsOnlyR9R3R4R6" dest="\\usda.net\fs\FS\NFS\WOForestMgmt\Project\FMSC\FVS_Restricted\fvsdata\FVSRegionalTrainingData\ExamsOnlyR9R3R4R6Copy" date="20200108" time="12012900"></copy></copyHistory></DataProperties><SyncDate>20200109</SyncDate><SyncTime>15534600</SyncTime><ModDate>20200109</ModDate><ModTime>15534600</ModTime></Esri><dataIdInfo><envirDesc Sync="TRUE"> Version 6.2 (Build 9200) ; Esri ArcGIS 10.5.1.7333</envirDesc><dataLang><languageCode value="eng" Sync="TRUE"></languageCode><countryCode value="USA" Sync="TRUE"></countryCode></dataLang><idCitation><resTitle Sync="TRUE">FVSTrainingMapData</resTitle><presForm><PresFormCd value="005" Sync="TRUE"></PresFormCd></presForm></idCitation><spatRpType><SpatRepTypCd value="001" Sync="TRUE"></SpatRepTypCd></spatRpType><dataExt><geoEle><GeoBndBox esriExtentType="search"><exTypeCode Sync="TRUE">1</exTypeCode><westBL Sync="TRUE">-123.425194</westBL><eastBL Sync="TRUE">-79.885255</eastBL><northBL Sync="TRUE">47.089033</northBL><southBL Sync="TRUE">30.110779</southBL></GeoBndBox></geoEle></dataExt></dataIdInfo><mdLang><languageCode value="eng" Sync="TRUE"></languageCode><countryCode value="USA" Sync="TRUE"></countryCode></mdLang><distInfo><distFormat><formatName Sync="TRUE">Shapefile</formatName></distFormat><distTranOps><transSize Sync="TRUE">0.000</transSize></distTranOps></distInfo><mdHrLv><ScopeCd value="005" Sync="TRUE"></ScopeCd></mdHrLv><mdHrLvName Sync="TRUE">dataset</mdHrLvName><refSysInfo><RefSystem><refSysID><identCode code="26913" Sync="TRUE"></identCode><idCodeSpace Sync="TRUE">EPSG</idCodeSpace><idVersion Sync="TRUE">6.13(3.0.1)</idVersion></refSysID></RefSystem></refSysInfo><spatRepInfo><VectSpatRep><geometObjs Name="FVSTrainingMapData"><geoObjTyp><GeoObjTypCd value="002" Sync="TRUE"></GeoObjTypCd></geoObjTyp><geoObjCnt Sync="TRUE">0</geoObjCnt></geometObjs><topLvl><TopoLevCd value="001" Sync="TRUE"></TopoLevCd></topLvl></VectSpatRep></spatRepInfo><spdoinfo><ptvctinf><esriterm Name="FVSTrainingMapData"><efeatyp Sync="TRUE">Simple</efeatyp><efeageom code="4" Sync="TRUE"></efeageom><esritopo Sync="TRUE">FALSE</esritopo><efeacnt Sync="TRUE">0</efeacnt><spindex Sync="TRUE">FALSE</spindex><linrefer Sync="TRUE">FALSE</linrefer></esriterm></ptvctinf></spdoinfo><eainfo><detailed Name="FVSTrainingMapData"><enttyp><enttypl Sync="TRUE">FVSTrainingMapData</enttypl><enttypt Sync="TRUE">Feature Class</enttypt><enttypc Sync="TRUE">0</enttypc></enttyp><attr><attrlabl Sync="TRUE">FID</attrlabl><attalias Sync="TRUE">FID</attalias><attrtype Sync="TRUE">OID</attrtype><attwidth Sync="TRUE">4</attwidth><atprecis Sync="TRUE">0</atprecis><attscale Sync="TRUE">0</attscale><attrdef Sync="TRUE">Internal feature number.</attrdef><attrdefs Sync="TRUE">Esri</attrdefs><attrdomv><udom Sync="TRUE">Sequential unique whole numbers that are automatically generated.</udom></attrdomv></attr><attr><attrlabl Sync="TRUE">SHAPE</attrlabl><attalias Sync="TRUE">Shape</attalias><attrtype Sync="TRUE">Geometry</attrtype><attwidth Sync="TRUE">0</attwidth><atprecis Sync="TRUE">0</atprecis><attscale Sync="TRUE">0</attscale><attrdef Sync="TRUE">Feature geometry.</attrdef><attrdefs Sync="TRUE">Esri</attrdefs><attrdomv><udom Sync="TRUE">Coordinates defining the features.</udom></attrdomv></attr><attr><attrlabl Sync="TRUE">SPATIAL_ID</attrlabl><attalias Sync="TRUE">SPATIAL_ID</attalias><attrtype Sync="TRUE">String</attrtype><attwidth Sync="TRUE">40</attwidth><atprecis Sync="TRUE">0</atprecis><attscale Sync="TRUE">0</attscale></attr><attr><attrlabl Sync="TRUE">SHAPE_Leng</attrlabl><attalias Sync="TRUE">SHAPE_Leng</attalias><attrtype Sync="TRUE">Double</attrtype><attwidth Sync="TRUE">19</attwidth><atprecis Sync="TRUE">0</atprecis><attscale Sync="TRUE">0</attscale></attr><attr><attrlabl Sync="TRUE">SHAPE_Area</attrlabl><attalias Sync="TRUE">SHAPE_Area</attalias><attrtype Sync="TRUE">Double</attrtype><attwidth Sync="TRUE">19</attwidth><atprecis Sync="TRUE">0</atprecis><attscale Sync="TRUE">0</attscale><attrdef Sync="TRUE">Area of feature in internal units squared.</attrdef><attrdefs Sync="TRUE">Esri</attrdefs><attrdomv><udom Sync="TRUE">Positive real numbers that are automatically generated.</udom></attrdomv></attr><attr><attrlabl Sync="TRUE">OBJECTID</attrlabl><attalias Sync="TRUE">OBJECTID</attalias><attrtype Sync="TRUE">Integer</attrtype><attwidth Sync="TRUE">10</attwidth><atprecis Sync="TRUE">10</atprecis><attscale Sync="TRUE">0</attscale></attr><attr><attrlabl Sync="TRUE">STAND_ID</attrlabl><attalias Sync="TRUE">STAND_ID</attalias><attrtype Sync="TRUE">String</attrtype><attwidth Sync="TRUE">30</attwidth><atprecis Sync="TRUE">0</atprecis><attscale Sync="TRUE">0</attscale></attr></detailed></eainfo><mdDateSt Sync="TRUE">20200109</mdDateSt><mdChar><CharSetCd value="004" Sync="TRUE"></CharSetCd></mdChar></metadata>
